Rule,Title
THE SPEAKER,Approval of the Journal
THE SPEAKER,Preservation of order 
THE SPEAKER,Control of Capitol facilities 
THE SPEAKER,Signature of documents
THE SPEAKER,Questions of order 
THE SPEAKER,Form of a question 
THE SPEAKER,Discretion to vote 
THE SPEAKER,Speaker pro tempore 
THE SPEAKER,Other responsibilities 
THE SPEAKER,Designation of travel 
THE SPEAKER,Committee appointment 
THE SPEAKER,Recess and convening authorities
OTHER OFFICERS AND OFFICIALS,Elections 
OTHER OFFICERS AND OFFICIALS,Clerk 
OTHER OFFICERS AND OFFICIALS,Sergeant-at-Arms 
OTHER OFFICERS AND OFFICIALS,Chief Administrative Officer 
OTHER OFFICERS AND OFFICIALS,Chaplain
OTHER OFFICERS AND OFFICIALS,Office of Inspector General 
OTHER OFFICERS AND OFFICIALS,Office of the Historian 
OTHER OFFICERS AND OFFICIALS,Office of General Counsel
OTHER OFFICERS AND OFFICIALS,Office of Diversity and Inclusion
OTHER OFFICERS AND OFFICIALS,Office of the Whistleblower Ombuds 
"THE MEMBERS, DELEGATES, AND RESIDENT COMMISSIONER OF PUERTO RICO",Voting
"THE MEMBERS, DELEGATES, AND RESIDENT COMMISSIONER OF PUERTO RICO","Delegates and the Resident
Commissioner "
THE HALL OF THE HOUSE,Use and admittance 
THE HALL OF THE HOUSE,Gallery
THE HALL OF THE HOUSE,Prohibition on campaign contributions 
BROADCASTING THE HOUSE,BROADCASTING THE HOUSE
"OFFICIAL REPORTERS AND NEWS MEDIA
GALLERIES",Official reporters 
"OFFICIAL REPORTERS AND NEWS MEDIA
GALLERIES",News media galleries
RECORDS OF THE HOUSe,Archiving
RECORDS OF THE HOUSe,Public availability
RECORDS OF THE HOUSe,Definition of record 
RECORDS OF THE HOUSe,Withdrawal of papers 
RESPONSE TO SUBPOENAS,RESPONSE TO SUBPOENAS
QUESTIONS OF PRIVILEGE,QUESTIONS OF PRIVILEGE
ORGANIZATION OF COMMITTEES,"Committees and their legislative
jurisdictions"
ORGANIZATION OF COMMITTEES,Committee on Agriculture.
ORGANIZATION OF COMMITTEES,Committee on Appropriations
ORGANIZATION OF COMMITTEES,Committee on Armed Services.
ORGANIZATION OF COMMITTEES,Committee on the Budget.
ORGANIZATION OF COMMITTEES,Committee on Education and Labor
ORGANIZATION OF COMMITTEES,Committee on Energy and Commerce.
ORGANIZATION OF COMMITTEES,Committee on Ethics
ORGANIZATION OF COMMITTEES,Committee on Financial Services
ORGANIZATION OF COMMITTEES,Committee on Foreign Affairs
ORGANIZATION OF COMMITTEES,Committee on Homeland Security
ORGANIZATION OF COMMITTEES,Committee on House Administration. 
ORGANIZATION OF COMMITTEES,Committee on Natural Resources
ORGANIZATION OF COMMITTEES,Committee on Oversight and Reform
ORGANIZATION OF COMMITTEES,Committee on Rules
ORGANIZATION OF COMMITTEES,"Committee on Science, Space,
and Technology"
ORGANIZATION OF COMMITTEES,Committee on Small Business.
ORGANIZATION OF COMMITTEES,"Committee on Transportation
and Infrastructure. "
ORGANIZATION OF COMMITTEES,Committee on Veteransâ€™ Affairs
ORGANIZATION OF COMMITTEES,Committee on Ways and Means. 
ORGANIZATION OF COMMITTEES,General oversight responsibilities 
ORGANIZATION OF COMMITTEES,Special oversight functions
ORGANIZATION OF COMMITTEES,Additional functions of committees
ORGANIZATION OF COMMITTEES,Budget Act responsibilities
ORGANIZATION OF COMMITTEES,"Election and membership of standing
committees "
ORGANIZATION OF COMMITTEES,Expense resolutions 
ORGANIZATION OF COMMITTEES,Interim funding 
ORGANIZATION OF COMMITTEES,Travel
ORGANIZATION OF COMMITTEES,Committee staffs
ORGANIZATION OF COMMITTEES,Select and joint committees
ORGANIZATION OF COMMITTEES,"Permanent Select Committee on
Intelligence"
"PROCEDURES OF COMMITTEES AND
UNFINISHED BUSINESS",In general
"PROCEDURES OF COMMITTEES AND
UNFINISHED BUSINESS",Adoption of written rules
"PROCEDURES OF COMMITTEES AND
UNFINISHED BUSINESS",Regular meeting days
"PROCEDURES OF COMMITTEES AND
UNFINISHED BUSINESS",Additional and special meetings 
"PROCEDURES OF COMMITTEES AND
UNFINISHED BUSINESS",Temporary absence of chair 
"PROCEDURES OF COMMITTEES AND
UNFINISHED BUSINESS",Committee records 
"PROCEDURES OF COMMITTEES AND
UNFINISHED BUSINESS",Prohibition against proxy voting
"PROCEDURES OF COMMITTEES AND
UNFINISHED BUSINESS",Open meetings and hearings
"PROCEDURES OF COMMITTEES AND
UNFINISHED BUSINESS",Quorum requirements 
"PROCEDURES OF COMMITTEES AND
UNFINISHED BUSINESS",Limitation on committee sittings
"PROCEDURES OF COMMITTEES AND
UNFINISHED BUSINESS",Calling and questioning of witnesses
"PROCEDURES OF COMMITTEES AND
UNFINISHED BUSINESS",Hearing procedures
"PROCEDURES OF COMMITTEES AND
UNFINISHED BUSINESS","Supplemental, minority, additional, or dissenting views"
"PROCEDURES OF COMMITTEES AND
UNFINISHED BUSINESS",Power to sit and act; subpoena power
"PROCEDURES OF COMMITTEES AND
UNFINISHED BUSINESS",Committee on Ethics
"PROCEDURES OF COMMITTEES AND
UNFINISHED BUSINESS",Committee agendas
"PROCEDURES OF COMMITTEES AND
UNFINISHED BUSINESS",Committee staff
"PROCEDURES OF COMMITTEES AND
UNFINISHED BUSINESS",Meetings and hearings
"PROCEDURES OF COMMITTEES AND
UNFINISHED BUSINESS",Public disclosure
"PROCEDURES OF COMMITTEES AND
UNFINISHED BUSINESS",Requirements to constitute a complaint
"PROCEDURES OF COMMITTEES AND
UNFINISHED BUSINESS",Duties of chair and ranking minority member regarding properly filed complaints
"PROCEDURES OF COMMITTEES AND
UNFINISHED BUSINESS",Duties of chair and ranking minority member regarding information not constituting a complaint
"PROCEDURES OF COMMITTEES AND
UNFINISHED BUSINESS",Investigative and adjudicatory subcommittees
"PROCEDURES OF COMMITTEES AND
UNFINISHED BUSINESS",Standard of proof for adoption of statement of alleged violation
"PROCEDURES OF COMMITTEES AND
UNFINISHED BUSINESS",Subcommittee powers
"PROCEDURES OF COMMITTEES AND
UNFINISHED BUSINESS",Due process rights of respondents
"PROCEDURES OF COMMITTEES AND
UNFINISHED BUSINESS",Committee reporting requirements
"PROCEDURES OF COMMITTEES AND
UNFINISHED BUSINESS",Audio and visual coverage of committee proceedings
"PROCEDURES OF COMMITTEES AND
UNFINISHED BUSINESS",Pay of witnesses
"PROCEDURES OF COMMITTEES AND
UNFINISHED BUSINESS",Unfinished business of the session
RECEIPT AND REFERRAL OF MEASURES AND MATTERS,Messages
RECEIPT AND REFERRAL OF MEASURES AND MATTERS,Referral
RECEIPT AND REFERRAL OF MEASURES AND MATTERS,"Petitions, memorials, and private bills"
RECEIPT AND REFERRAL OF MEASURES AND MATTERS,Prohibition on commemorations 
RECEIPT AND REFERRAL OF MEASURES AND MATTERS,Excluded matters 
RECEIPT AND REFERRAL OF MEASURES AND MATTERS,Sponsorship
RECEIPT AND REFERRAL OF MEASURES AND MATTERS,Executive communications
CALENDARS AND COMMITTEE REPORTS,Calendars
CALENDARS AND COMMITTEE REPORTS,Filing and printing of reports
CALENDARS AND COMMITTEE REPORTS,Content of reports
CALENDARS AND COMMITTEE REPORTS,Availability of reports
CALENDARS AND COMMITTEE REPORTS,"Privileged reports, generally"
CALENDARS AND COMMITTEE REPORTS,Privileged reports by the Committee on Rules
CALENDARS AND COMMITTEE REPORTS,Resolutions of inquiry
ORDER AND PRIORITY OF BUSINESS,ORDER AND PRIORITY OF BUSINESS
BUSINESS IN ORDER ON SPECIAL DAYS,Suspensions
BUSINESS IN ORDER ON SPECIAL DAYS,Discharge motions
BUSINESS IN ORDER ON SPECIAL DAYS,"Adverse report by the Committee on Rules, second and fourth Mondays"
BUSINESS IN ORDER ON SPECIAL DAYS,Private Calendar
BUSINESS IN ORDER ON SPECIAL DAYS,"Calendar Call of Committees, Wednesdays"
BUSINESS IN ORDER ON SPECIAL DAYS,Consensus Calendar
MOTIONS AND AMENDMENTS,Motions
MOTIONS AND AMENDMENTS,Withdrawal
MOTIONS AND AMENDMENTS,Question of consideration
MOTIONS AND AMENDMENTS,Precedence of motions
MOTIONS AND AMENDMENTS,Divisibility
MOTIONS AND AMENDMENTS,Amendments
MOTIONS AND AMENDMENTS,Germaneness
MOTIONS AND AMENDMENTS,Readings
DECORUM AND DEBATE,Decorum
DECORUM AND DEBATE,Recognition
DECORUM AND DEBATE,Managing debate
DECORUM AND DEBATE,Call to order
DECORUM AND DEBATE,Comportment
DECORUM AND DEBATE,Exhibits
DECORUM AND DEBATE,Galleries
DECORUM AND DEBATE,Congressional Record
DECORUM AND DEBATE,Legislative Proceedings
DECORUM AND DEBATE,Secret sessions
"THE COMMITTEE OF THE WHOLE HOUSE
ON THE STATE OF THE UNION",Resolving into the Committee of the Whole
"THE COMMITTEE OF THE WHOLE HOUSE
ON THE STATE OF THE UNION",Measures requiring initial consideration in the Committee of the Whole
"THE COMMITTEE OF THE WHOLE HOUSE
ON THE STATE OF THE UNION",Order of business
"THE COMMITTEE OF THE WHOLE HOUSE
ON THE STATE OF THE UNION",Reading for amendment
"THE COMMITTEE OF THE WHOLE HOUSE
ON THE STATE OF THE UNION",Quorum and voting
"THE COMMITTEE OF THE WHOLE HOUSE
ON THE STATE OF THE UNION",Dispensing with the reading of an amendment
"THE COMMITTEE OF THE WHOLE HOUSE
ON THE STATE OF THE UNION",Closing debate
"THE COMMITTEE OF THE WHOLE HOUSE
ON THE STATE OF THE UNION",Striking the enacting clause
"THE COMMITTEE OF THE WHOLE HOUSE
ON THE STATE OF THE UNION",Concurrent resolution on the budget
"THE COMMITTEE OF THE WHOLE HOUSE
ON THE STATE OF THE UNION",Applicability of Rules of the House
MOTIONS FOLLOWING THE AMENDMENT STAGE,Previous question
MOTIONS FOLLOWING THE AMENDMENT STAGE,Recommit
MOTIONS FOLLOWING THE AMENDMENT STAGE,Reconsideration
VOTING AND QUORUM CALLS,VOTING AND QUORUM CALLS
VOTING AND QUORUM CALLS,Postponement of proceedings
VOTING AND QUORUM CALLS,Five-minute votes
VOTING AND QUORUM CALLS,Automatic yeas and nays
VOTING AND QUORUM CALLS,Ballot votes
RESTRICTIONS ON CERTAIN BILLS,Reservation of certain points of order
RESTRICTIONS ON CERTAIN BILLS,General appropriation bills and amendments
RESTRICTIONS ON CERTAIN BILLS,Appropriations on legislative bills
RESTRICTIONS ON CERTAIN BILLS,Tax and tariff measures and amendments
RESTRICTIONS ON CERTAIN BILLS,Consideration of retroactive tax rate increases
RESTRICTIONS ON CERTAIN BILLS,Designation of public works
HOUSE AND SENATE RELATIONS,Senate amendments
HOUSE AND SENATE RELATIONS,Conference reports; amendments reported in disagreement
CODE OF OFFICIAL CONDUCT,CODE OF OFFICIAL CONDUCT
LIMITATIONS ON USE OF OFFICIAL FUNDS,Limitations on use of official and unofficial accounts
LIMITATIONS ON USE OF OFFICIAL FUNDS,Limitations on use of the frank
LIMITATIONS ON USE OF OFFICIAL FUNDS,Prohibition on use of funds by Members not elected to succeeding Congress
LIMITATIONS ON OUTSIDE EARNED INCOME AND ACCEPTANCE OF GIFTS,Outside earned income; honoraria
LIMITATIONS ON OUTSIDE EARNED INCOME AND ACCEPTANCE OF GIFTS,Copyright royalties
LIMITATIONS ON OUTSIDE EARNED INCOME AND ACCEPTANCE OF GIFTS,Definitions
LIMITATIONS ON OUTSIDE EARNED INCOME AND ACCEPTANCE OF GIFTS,Gifts
LIMITATIONS ON OUTSIDE EARNED INCOME AND ACCEPTANCE OF GIFTS,Claims against the Government
FINANCIAL DISCLOSURE,FINANCIAL DISCLOSURE
DISCLOSURE BY MEMBERS AND STAFF OF EMPLOYMENT NEGOTIATIONS,DISCLOSURE BY MEMBERS AND STAFF OF EMPLOYMENT NEGOTIATIONS
STATUTORY LIMIT ON THE PUBLIC DEBT,STATUTORY LIMIT ON THE PUBLIC DEBT
"GENERAL PROVISIONS","GENERAL PROVISIONS"